Abraham, Ralph
Adams, Alma
Aderholt, Robert
Aguilar, Pete
Alexander, Lamar
Allen, Rick
Allred, Colin
Amash, Justin
Amodei, Mark
Armstrong, Kelly
Arrington, Jodey
Axne, Cynthia
Babin, Brian
Bacon, Don
Baird, James
Balderson, Troy
Baldwin, Tammy
Banks, Jim
Barr, Andy
Barragan, Nanette
Barrasso, John
Bass, Karen
Beatty, Joyce
Bennet, Michael
Bera, Ami
Bergman, Jack
Beyer, Don
Biggs, Andy
Bilirakis, Gus M.
Bishop Jr., Sanford D.
Bishop, Rob
Blumenauer, Earl
Blumenthal, Richard
Blunt Rochester, Lisa
Blunt, Roy
Bonamici, Suzanne
Booker, Cory
Boozman, John
Bost, Mike
Boyle, Brendan
Brady, Kevin
Brindisi, Anthony
Brooks, Mo
Brooks, Susan W.
Brown, Anthony
Brown, Sherrod
Brownley, Julia
Buchanan, Vern
Buck, Ken
Bucshon, Larry
Budd, Ted
Burchett, Tim
Burgess, Michael
Burr, Richard
Bustos, Cheri
Butterfield, G.K.
Byrne, Bradley
Calvert, Ken
Cantwell, Maria
Capito, Shelley Moore
Carbajal, Salud
Cardin, Ben
Carper, Tom
Carson, André
Carter, Buddy
Carter, John
Cartwright, Matt
Case, Ed
Casey, Bob
Cassidy, Bill
Casten, Sean
Castor, Kathy
Castro, Joaquin
Chabot, Steve
Cheney, Liz
Chu, Judy
Cicilline, David
Cisneros, Gilbert Ray Jr.
Clark, Katherine
Clarke, Yvette D.
Clay Jr., William “Lacy”
Cleaver, Emanuel
Cline, Ben
Cloud, Michael
Clyburn, James E.
Cohen, Steve
Cole, Tom
Collins, Chris
Collins, Doug
Collins, Susan
Comer, James
Conaway, K. Michael
Connolly, Gerald E. “Gerry”
Cook, Paul
Coons, Chris
Cooper, Jim
Corker, Bob
Cornyn, John
Correa, Lou
Cortez Masto, Catherine
Costa, Jim
Cotton, Tom
Courtney, Joe
Cox, TJ
Craig, Angie
Crapo, Mike
Crawford, Rick
Crenshaw, Dan
Crist, Charlie
Crow, Jason
Cruz, Ted
Cuellar, Henry
Cummings, Elijah
Cunningham, Joe
Curtis, John R.
Cárdenas, Tony
Daines, Steve
Davids, Sharice
Davidson, Warren
Davis, Danny K.
Davis, Rodney
Davis, Susan
DeFazio, Peter
DeGette, Diana
DeLauro, Rosa L.
DeSaulnier, Mark
Dean, Madeleine
DelBene, Suzan
Delgado, Antonio
Demings, Val
DesJarlais, Scott
Deutch, Ted
Diaz-Balart, Mario
Dingell, Debbie
Doggett, Lloyd
Donnelly, Joe
Doyle, Michael
Duckworth, Tammy
Duffy, Sean P.
Duncan, Jeff
Dunn, Neal
Durbin, Dick
Emmer, Tom
Engel, Eliot
Enzi, Mike
Ernst, Joni
Escobar, Veronica
Eshoo, Anna G.
Espaillat, Adriano
Estes, Ron
Evans, Dwight
Feinstein, Dianne
Ferguson, Drew
Finkenauer, Abby
Fischer, Deb
Fitzpatrick, Brady
Flake, Jeff
Fleischmann, Chuck
Fletcher, Lizzie
Fortenberry, Jeff
Foster, Bill
Foxx, Virginia
Frankel, Lois
Fudge, Marcia L.
Fulcher, Russ
Gabbard, Tulsi
Gaetz, Matt
Gallagher, Mike
Gallego, Ruben
Garamendi, John
Garcia, Jesus “Chuy”
Garcia, Sylvia
Gardner, Cory
Gianforte, Greg
Gibbs, Bob
Gillibrand, Kirsten
Gohmert, Louie
Golden, Jared
Gomez, Jimmy
Gonzalez, Anthony
Gonzalez, Vincente
Gonzalez-Colon, Jenniffer
Gooden, Lance
Gosar, Paul A.
Gottheimer, Josh
Graham, Lindsey
Granger, Kay
Grassley, Chuck
Graves, Garret
Graves, Sam
Graves, Tom
Green, Al
Green, Mark
Griffith, Morgan
Grijalva, Raul
Grothman, Glenn
Guest, Michael
Guthrie, S. Brett
Haaland, Debra
Hagedorn, Jim
Harder, Josh
Harris, Andy
Harris, Kamala
Hartzler, Vicky
Hassan, Maggie
Hastings, Alcee L.
Hatch, Orrin
Hayes, Jahana
Heck, Denny
Heinrich, Martin
Heitkamp, Heidi
Heller, Dean
Hern, Kevin
Herrera Beutler, Jaime
Hice, Jody
Higgins, Brian
Higgins, Clay
Hill, French
Hill, Katie
Himes, Jim
Hirono, Mazie
Hoeven, John
Holding, George
Hollingsworth, Trey
Horn, Kendra
Horsford, Steven
Houlahan, Chrissy
Hoyer, Steny H.
Hudson, Richard
Huffman, Jared
Huizenga, Bill
Hunter, Duncan D.
Hurd, Will
Hyde-Smith, Cindy
Inhofe, Jim
Isakson, Johnny
Jackson Lee, Sheila
Jayapal, Pramila
Jeffries, Hakeem
Johnson, Bill
Johnson, Dusty
Johnson, Eddie Bernice
Johnson, Henry C. “Hank” Jr.
Johnson, Mike
Johnson, Ron
Jomes, Doug
Jones, Walter B.
Jordan, Jim
Joyce, David
Joyce, John
Kaine, Tim
Kaptur, Marcy
Katko, John
Keating, William
Kelly, Mike
Kelly, Robin
Kelly, Trent
Kennedy III, Joseph P.
Kennedy, John
Khanna, Ro
Kildee, Daniel
Kilmer, Derek
Kim, Andy
Kind, Ron
King, Angus
King, Pete
King, Steve
Kinzinger, Adam
Kirkpatrick, Ann
Klobuchar, Amy
Krishnamoorthi, Raja
Kuster, Ann
Kustoff, David
Kyl, Jon
LaHood,Darin
LaMalfa, Doug
Lamb, Conor
Lamborn, Doug
Langevin, Jim
Lankford, James
Larsen, Rick
Larson, John B.
Latta, Robert E.
Lawrence, Brenda
Lawson, Al
Leahy, Patrick
Lee, Barbara
Lee, Mike
Lee, Susie
Lesko, Debbie
Levin, Mike
Levin, Sander
Lewis, John
Lieu, Ted
Lipinski, Daniel
Loebsack, David
Lofgren, Zoe
Long, Billy
Loudermilk, Barry
Lowenthal, Alan
Lowey, Nita
Lucas, Frank
Luetkemeyer, Blaine
Lujan, Ben R.
Luria, Elaine
Lynch, Stephen F.
Malinowski, Tom
Maloney, Carolyn
Maloney, Sean Patrick
Manchin, Joe
Marchant, Kenny
Marino, Tom
Markey, Ed
Marshall, Roger
Massie, Thomas
Mast, Brian
Matsui, Doris O.
McAdams, Ben
McBath, Lucy
McCarthy, Kevin
McCaskill, Claire
McCaul, Michael T.
McClintock, Tom
McCollum, Betty
McConnell, Mitch
McEacchin, Donald
McGovern, James
McHenry, Patrick T.
McKinley, David
McMorris Rodgers, Cathy
McNerney, Jerry
Meadows, Mark
Meeks, Gregory W.
Menendez, Bob
Meng, Grace
Merkley, Jeff
Meuser, Daniel
Miller, Carol
Mitchell, Paul
Moolenaar, John
Mooney, Alex
Moore, Gwen
Moran, Jerry
Morelle, Joseph
Moulton, Seth
Mucarsel-Powell, Debbie
Mullin, Markwayne
Murkowski, Lisa
Murphy, Christopher
Murphy, Stephanie
Murray, Patty
Nadler, Jerrold
Napolitano, Grace
Neal, Richard E.
Neguse, Joe
Nelson, Bill
Newhouse, Dan
Norcross, Donald
Norman, Ralph
Norton, Eleanor Holmes
Nunes, Devin
Ocasio-Cortez, Alexandria
Olson, Pete
Omar, Ilhan
O’Halleran, Tom
Palazzo, Steven
Pallone Jr., Frank
Palmer, Gary
Panetta, Jimmy
Pappas, Chris
Pascrell Jr., Bill
Paul, Rand
Payne Jr., Donald
Pelosi, Nancy
Pence, Greg
Perdue, David
Perlmutter, Ed
Perry, Scott
Peters, Gary
Peters, Scott
Peterson, Collin C.
Phillips, Dean
Pingree, Chellie
Pittenger, Robert
Plaskett, Stacey
Pocan, Mark
Porter, Katie
Portman, Rob
Posey, Bill
Pressley, Ayanna
Price, David
Quigley, Mike
Radewagen, Amata
Raskin, Jamie
Ratcliffe, John
Reed, Jack
Reed, Tom
Reschenthaler, Guy
Rice, Kathleen
Rice, Tom
Richmond, Cedric
Riggleman, Denver
Risch, Jim
Roberts, Pat
Roby, Martha
Roe, Phil
Rogers, Harold
Rogers, Mike
Rooney, Francis
Rose, John W.
Rose, Max
Rouda, Harley
Rounds, Mike
Rouzer, David
Roy, Chip
Roybal-Allard, Lucille
Rubio, Marco
Ruiz, Raul
Ruppersberger, C. A. Dutch
Rush, Bobby L.
Rutherford, John
Ryan, Tim
Sablan, Gregorio
San Nicolas, Michael F.Q.
Sanders, Bernie
Sarbanes, John P.
Sasse, Ben
Scalise, Steve
Scanlon, Mary-Gay
Schakowsky, Jan
Schatz, Brian
Schiff, Adam
Schneider, Bradley
Schrader, Kurt
Schrier, Kim
Schumer, Chuck
Schweikert, David
Scott, Austin
Scott, David
Scott, Robert C.
Scott, Tim
Sensenbrenner, F. James
Serrano, José E.
Sewell, Terri A.
Shaheen, Jeanne
Shalala, Donna E.
Shelby, Richard
Sherman, Brad
Sherrill, Mikie
Shimkus, John
Simpson, Mike
Sires, Albio
Slotkin, Elissa
Smith, Adam
Smith, Adrian
Smith, Chris
Smith, Jason
Smith, Tina
Smucker, Lloyd
Soto, Darren
Spanberger, Abigail
Spano, Ross
Speier, Jackie
Stabenow, Debbie
Stanton, Greg
Stauber, Pete
Stefanik, Elise
Steil, Bryan
Steube, W. Gregory
Stevens, Haley
Stewart, Chris
Stivers, Steve
Sullivan, Dan
Suozzi, Tom
Swalwell, Eric
Sánchez, Linda
Takano, Mark
Taylor, Van
Tester, Jon
Thompson, Bennie G.
Thompson, Glenn
Thompson, Mike
Thornberry, Mac
Thune, John
Tillis, Thom
Timmons, William
Tipton, Scott
Titus, Dina
Tlaib, Rashida
Tonko, Paul D.
Toomey, Pat
Torres Small, Xochiti
Torres, Norma
Trahan, Lori
Trone, David
Turner, Michael
Udall, Tom
Underwood, Lauren
Upton, Fred
Van Drew, Jefferson
Van Hollen, Chris
Vargas, Juan
Veasey, Marc
Vela, Filemon
Velázquez, Nydia M.
Visclosky, Peter
Wagner, Ann
Walberg, Tim
Walden, Greg
Walker, Mark
Walorski, Jackie
Waltz, Michael
Warner, Mark
Warren, Elizabeth
Wasserman Schultz, Debbie
Waters, Maxine
Watkins, Steve
Watson Coleman, Bonnie
Weber, Randy
Webster, Daniel
Welch, Peter
Wenstrup, Brad
Westerman, Bruce
Wexton, Jennifer
Whitehouse, Sheldon
Wicker, Roger
Wild, Susan
Williams, Roger
Wilson, Frederica
Wilson, Joe
Wittman, Robert J.
Womack, Steve
Woodall, Robert
Wright, Ron
Wyden, Ron
Yarmuth, John A.
Yoho, Ted
Young, Don
Young, Todd
Zeldin, Lee
